,Fund Name,P1,P2,P3,P4,P5,perfomancescore,rank
0,M1,0.75,0.56,4.3,53.7,14.83,0.3005229258874033,8
1,M2,0.76,0.58,5.2,50.9,14.36,0.3941314929200177,7
2,M3,0.94,0.88,6.7,61.3,17.46,0.5371124982742476,2
3,M4,0.85,0.72,6.8,35.4,10.94,0.773339897244569,1
4,M5,0.73,0.53,4.6,47.4,13.32,0.3954514032602655,6
5,M6,0.91,0.83,6.1,62.4,17.56,0.4775097134894872,4
6,M7,0.7,0.49,4.9,37.1,10.8,0.5055459537323793,3
7,M8,0.95,0.9,5.2,66.4,18.36,0.45007660041651865,5
